<?xml version="1.0" encoding="UTF-8"?>
<DEFECTS>
  <DEFECT>
    <SFA>
      <FILEPATH>C:\Users\Lenovo\source\repos\uav\uav\</FILEPATH>
      <FILENAME>drone.cpp</FILENAME>
      <LINE>2</LINE>
      <COLUMN>7</COLUMN>
    </SFA>
    <DEFECTCODE>26495</DEFECTCODE>
    <DESCRIPTION>Variable 'drone::battery_time_remaining' is uninitialized. Always initialize a member variable (type.6).</DESCRIPTION>
    <FUNCTION>drone::{ctor}</FUNCTION>
    <DECORATED>??0drone@@QAE@NNNNNH@Z</DECORATED>
    <FUNCLINE>2</FUNCLINE>
    <ADDITIONALINFO>
      <targetSymbol>drone::battery_time_remaining</targetSymbol>
    </ADDITIONALINFO>
    <PATH></PATH>
  </DEFECT>
  <DEFECT>
    <SFA>
      <FILEPATH>C:\Users\Lenovo\source\repos\uav\uav\</FILEPATH>
      <FILENAME>drone.cpp</FILENAME>
      <LINE>2</LINE>
      <COLUMN>7</COLUMN>
    </SFA>
    <DEFECTCODE>26495</DEFECTCODE>
    <DESCRIPTION>Variable 'drone::motor_power' is uninitialized. Always initialize a member variable (type.6).</DESCRIPTION>
    <FUNCTION>drone::{ctor}</FUNCTION>
    <DECORATED>??0drone@@QAE@NNNNNH@Z</DECORATED>
    <FUNCLINE>2</FUNCLINE>
    <ADDITIONALINFO>
      <targetSymbol>drone::motor_power</targetSymbol>
    </ADDITIONALINFO>
    <PATH></PATH>
  </DEFECT>
  <DEFECT>
    <SFA>
      <FILEPATH>C:\Users\Lenovo\source\repos\uav\uav\</FILEPATH>
      <FILENAME>drone.cpp</FILENAME>
      <LINE>2</LINE>
      <COLUMN>7</COLUMN>
    </SFA>
    <DEFECTCODE>26495</DEFECTCODE>
    <DESCRIPTION>Variable 'drone::arrival_time' is uninitialized. Always initialize a member variable (type.6).</DESCRIPTION>
    <FUNCTION>drone::{ctor}</FUNCTION>
    <DECORATED>??0drone@@QAE@NNNNNH@Z</DECORATED>
    <FUNCLINE>2</FUNCLINE>
    <ADDITIONALINFO>
      <targetSymbol>drone::arrival_time</targetSymbol>
    </ADDITIONALINFO>
    <PATH></PATH>
  </DEFECT>
  <DEFECT>
    <SFA>
      <FILEPATH>C:\Users\Lenovo\source\repos\uav\uav\</FILEPATH>
      <FILENAME>drone.cpp</FILENAME>
      <LINE>6</LINE>
      <COLUMN>7</COLUMN>
    </SFA>
    <DEFECTCODE>26495</DEFECTCODE>
    <DESCRIPTION>Variable 'drone::battery_time_remaining' is uninitialized. Always initialize a member variable (type.6).</DESCRIPTION>
    <FUNCTION>drone::{ctor}</FUNCTION>
    <DECORATED>??0drone@@QAE@XZ</DECORATED>
    <FUNCLINE>6</FUNCLINE>
    <ADDITIONALINFO>
      <targetSymbol>drone::battery_time_remaining</targetSymbol>
    </ADDITIONALINFO>
    <PATH></PATH>
  </DEFECT>
  <DEFECT>
    <SFA>
      <FILEPATH>C:\Users\Lenovo\source\repos\uav\uav\</FILEPATH>
      <FILENAME>drone.cpp</FILENAME>
      <LINE>6</LINE>
      <COLUMN>7</COLUMN>
    </SFA>
    <DEFECTCODE>26495</DEFECTCODE>
    <DESCRIPTION>Variable 'drone::payload' is uninitialized. Always initialize a member variable (type.6).</DESCRIPTION>
    <FUNCTION>drone::{ctor}</FUNCTION>
    <DECORATED>??0drone@@QAE@XZ</DECORATED>
    <FUNCLINE>6</FUNCLINE>
    <ADDITIONALINFO>
      <targetSymbol>drone::payload</targetSymbol>
    </ADDITIONALINFO>
    <PATH></PATH>
  </DEFECT>
  <DEFECT>
    <SFA>
      <FILEPATH>C:\Users\Lenovo\source\repos\uav\uav\</FILEPATH>
      <FILENAME>drone.cpp</FILENAME>
      <LINE>6</LINE>
      <COLUMN>7</COLUMN>
    </SFA>
    <DEFECTCODE>26495</DEFECTCODE>
    <DESCRIPTION>Variable 'drone::drone_mass' is uninitialized. Always initialize a member variable (type.6).</DESCRIPTION>
    <FUNCTION>drone::{ctor}</FUNCTION>
    <DECORATED>??0drone@@QAE@XZ</DECORATED>
    <FUNCLINE>6</FUNCLINE>
    <ADDITIONALINFO>
      <targetSymbol>drone::drone_mass</targetSymbol>
    </ADDITIONALINFO>
    <PATH></PATH>
  </DEFECT>
  <DEFECT>
    <SFA>
      <FILEPATH>C:\Users\Lenovo\source\repos\uav\uav\</FILEPATH>
      <FILENAME>drone.cpp</FILENAME>
      <LINE>6</LINE>
      <COLUMN>7</COLUMN>
    </SFA>
    <DEFECTCODE>26495</DEFECTCODE>
    <DESCRIPTION>Variable 'drone::motor_power' is uninitialized. Always initialize a member variable (type.6).</DESCRIPTION>
    <FUNCTION>drone::{ctor}</FUNCTION>
    <DECORATED>??0drone@@QAE@XZ</DECORATED>
    <FUNCLINE>6</FUNCLINE>
    <ADDITIONALINFO>
      <targetSymbol>drone::motor_power</targetSymbol>
    </ADDITIONALINFO>
    <PATH></PATH>
  </DEFECT>
  <DEFECT>
    <SFA>
      <FILEPATH>C:\Users\Lenovo\source\repos\uav\uav\</FILEPATH>
      <FILENAME>drone.cpp</FILENAME>
      <LINE>6</LINE>
      <COLUMN>7</COLUMN>
    </SFA>
    <DEFECTCODE>26495</DEFECTCODE>
    <DESCRIPTION>Variable 'drone::arrival_time' is uninitialized. Always initialize a member variable (type.6).</DESCRIPTION>
    <FUNCTION>drone::{ctor}</FUNCTION>
    <DECORATED>??0drone@@QAE@XZ</DECORATED>
    <FUNCLINE>6</FUNCLINE>
    <ADDITIONALINFO>
      <targetSymbol>drone::arrival_time</targetSymbol>
    </ADDITIONALINFO>
    <PATH></PATH>
  </DEFECT>
</DEFECTS>