﻿<?xml version="1.0" encoding="utf-8"?><DEFECTS><DEFECT>
    <SFA>
      <FILEPATH>C:\Users\Lenovo\source\repos\uav\uav\</FILEPATH>
      <FILENAME>clustering.cpp</FILENAME>
      <LINE>3</LINE>
      <COLUMN>12</COLUMN>
    </SFA>
    <DEFECTCODE>26495</DEFECTCODE>
    <DESCRIPTION>Variable 'clustering::min_distance' is uninitialized. Always initialize a member variable (type.6).</DESCRIPTION>
    <FUNCTION>clustering::{ctor}</FUNCTION>
    <DECORATED>??0clustering@@QAE@IIAAVread_data@@@Z</DECORATED>
    <FUNCLINE>3</FUNCLINE>
    <ADDITIONALINFO>
      <targetSymbol>clustering::min_distance</targetSymbol>
    </ADDITIONALINFO>
    <PATH></PATH>
  </DEFECT><DEFECT>
    <SFA>
      <FILEPATH>C:\Users\Lenovo\source\repos\uav\uav\</FILEPATH>
      <FILENAME>clustering.cpp</FILENAME>
      <LINE>8</LINE>
      <COLUMN>76</COLUMN>
    </SFA>
    <DEFECTCODE>26451</DEFECTCODE>
    <DESCRIPTION>Arithmetic overflow: Using operator '+' on a 4 byte value and then casting the result to a 8 byte value. Cast the value to the wider type before calling operator '+' to avoid overflow (io.2).</DESCRIPTION>
    <FUNCTION>clustering::length</FUNCTION>
    <DECORATED>?length@clustering@@QAENAAUaddress_metadata@@0@Z</DECORATED>
    <FUNCLINE>7</FUNCLINE>
    <PATH></PATH>
  </DEFECT><DEFECT>
    <SFA>
      <FILEPATH>C:\Users\Lenovo\source\repos\uav\uav\</FILEPATH>
      <FILENAME>clustering.cpp</FILENAME>
      <LINE>8</LINE>
      <COLUMN>41</COLUMN>
    </SFA>
    <DEFECTCODE>26451</DEFECTCODE>
    <DESCRIPTION>Arithmetic overflow: Using operator '*' on a 4 byte value and then casting the result to a 8 byte value. Cast the value to the wider type before calling operator '*' to avoid overflow (io.2).</DESCRIPTION>
    <FUNCTION>clustering::length</FUNCTION>
    <DECORATED>?length@clustering@@QAENAAUaddress_metadata@@0@Z</DECORATED>
    <FUNCLINE>7</FUNCLINE>
    <PATH></PATH>
  </DEFECT><DEFECT>
    <SFA>
      <FILEPATH>C:\Users\Lenovo\source\repos\uav\uav\</FILEPATH>
      <FILENAME>clustering.cpp</FILENAME>
      <LINE>8</LINE>
      <COLUMN>21</COLUMN>
    </SFA>
    <DEFECTCODE>26451</DEFECTCODE>
    <DESCRIPTION>Arithmetic overflow: Using operator '-' on a 4 byte value and then casting the result to a 8 byte value. Cast the value to the wider type before calling operator '-' to avoid overflow (io.2).</DESCRIPTION>
    <FUNCTION>clustering::length</FUNCTION>
    <DECORATED>?length@clustering@@QAENAAUaddress_metadata@@0@Z</DECORATED>
    <FUNCLINE>7</FUNCLINE>
    <PATH></PATH>
  </DEFECT><DEFECT>
    <SFA>
      <FILEPATH>C:\Users\Lenovo\source\repos\uav\uav\</FILEPATH>
      <FILENAME>drone.cpp</FILENAME>
      <LINE>2</LINE>
      <COLUMN>7</COLUMN>
    </SFA>
    <DEFECTCODE>26495</DEFECTCODE>
    <DESCRIPTION>Variable 'drone::battery_time_remaining' is uninitialized. Always initialize a member variable (type.6).</DESCRIPTION>
    <FUNCTION>drone::{ctor}</FUNCTION>
    <DECORATED>??0drone@@QAE@NNNNNH@Z</DECORATED>
    <FUNCLINE>2</FUNCLINE>
    <ADDITIONALINFO>
      <targetSymbol>drone::battery_time_remaining</targetSymbol>
    </ADDITIONALINFO>
    <PATH></PATH>
  </DEFECT><DEFECT>
    <SFA>
      <FILEPATH>C:\Users\Lenovo\source\repos\uav\uav\</FILEPATH>
      <FILENAME>drone.cpp</FILENAME>
      <LINE>6</LINE>
      <COLUMN>7</COLUMN>
    </SFA>
    <DEFECTCODE>26495</DEFECTCODE>
    <DESCRIPTION>Variable 'drone::battery_time_remaining' is uninitialized. Always initialize a member variable (type.6).</DESCRIPTION>
    <FUNCTION>drone::{ctor}</FUNCTION>
    <DECORATED>??0drone@@QAE@XZ</DECORATED>
    <FUNCLINE>6</FUNCLINE>
    <ADDITIONALINFO>
      <targetSymbol>drone::battery_time_remaining</targetSymbol>
    </ADDITIONALINFO>
    <PATH></PATH>
  </DEFECT></DEFECTS>